timestamp,symbol,open,high,low,close,price,volume,volume_24h,market_cap
2025-02-07 00:00:00,DOGE,0.24769940269332982,0.2502165610618918,0.24528834263648783,0.24769940269332982,0.24769940269332982,1849400952.683781,1849400952.683781,36634998711.53493
2025-02-08 00:00:00,DOGE,0.24769940269332982,0.2481481279774669,0.24378390556796917,0.2466117141109805,0.2466117141109805,1955547140.0705724,1955547140.0705724,36425572489.014
2025-02-09 00:00:00,DOGE,0.2466117141109805,0.25764720443407413,0.2487058001543892,0.2531578984892705,0.2531578984892705,947251264.8896627,947251264.8896627,37467768586.07184
2025-02-10 00:00:00,DOGE,0.2531578984892705,0.25236153465434236,0.24721207657798772,0.24934929346601817,0.24934929346601817,1210322937.821886,1210322937.821886,36877324693.481384
2025-02-11 00:00:00,DOGE,0.24934929346601817,0.2564603458957192,0.25183517891016016,0.2548535882592439,0.2548535882592439,1302577373.9580026,1302577373.9580026,37702629308.77336
2025-02-12 00:00:00,DOGE,0.2548535882592439,0.25785287537446333,0.24964349790295914,0.2531467447359887,0.2531467447359887,1681519859.8011022,1681519859.8011022,37524755444.79603
2025-02-13 00:00:00,DOGE,0.2531467447359887,0.2679970738456607,0.26309263984423387,0.26404355183974915,0.26404355183974915,1931125154.46359,1931125154.46359,39019744666.11137
2025-02-14 00:00:00,DOGE,0.26404355183974915,0.2669542544682852,0.25995899532330147,0.2623153388562416,0.2623153388562416,1479090094.109654,1479090094.109654,38837304059.83588
2025-02-15 00:00:00,DOGE,0.2623153388562416,0.27682334121450985,0.26992333012591824,0.27198537773510917,0.27198537773510917,2264906099.4838147,2264906099.4838147,40240694263.196144
2025-02-16 00:00:00,DOGE,0.27198537773510917,0.2768572078215034,0.26662339966941795,0.2716411696946587,0.2716411696946587,1562393659.5496552,1562393659.5496552,40217862491.33837
2025-02-17 00:00:00,DOGE,0.2716411696946587,0.2672218588616619,0.26109337457100174,0.2654573454413017,0.2654573454413017,931181654.4444188,931181654.4444188,39283644109.89832
2025-02-18 00:00:00,DOGE,0.2654573454413017,0.2616992547397685,0.2559620668403996,0.25808675861016434,0.25808675861016434,1334819066.6629684,1334819066.6629684,38181261511.72696
2025-02-19 00:00:00,DOGE,0.25808675861016434,0.2548418112660009,0.2462415216366263,0.25084961511077464,0.25084961511077464,1568385561.1678038,1568385561.1678038,37105544732.75667
2025-02-20 00:00:00,DOGE,0.25084961511077464,0.258551305432246,0.25347916476568977,0.254536611908942,0.254536611908942,1002221875.0777956,1002221875.0777956,37664544800.29522
2025-02-21 00:00:00,DOGE,0.254536611908942,0.25537640817705504,0.252274836735136,0.25489783180588915,0.25489783180588915,1128230681.7987843,1128230681.7987843,37726962768.86737
2025-02-22 00:00:00,DOGE,0.25489783180588915,0.24157708452213522,0.23638442666774914,0.23944458984135766,0.23944458984135766,2027962912.4843552,2027962912.4843552,35481966450.88804
2025-02-23 00:00:00,DOGE,0.23944458984135766,0.24771124857956445,0.24504515856112544,0.24678169113005893,0.24678169113005893,926901594.978119,926901594.978119,36553261422.55376
2025-02-24 00:00:00,DOGE,0.24678169113005893,0.2469897439985946,0.24130493860182065,0.2431098393793032,0.2431098393793032,695340046.2485528,695340046.2485528,35993016889.55571
2025-02-25 00:00:00,DOGE,0.2431098393793032,0.2118782026207428,0.20969013830323446,0.2101870624303527,0.2101870624303527,2386904163.7483587,2386904163.7483587,31057933809.529675
2025-02-26 00:00:00,DOGE,0.2101870624303527,0.21479053337923454,0.20878056854344637,0.21132376439777223,0.21132376439777223,3294992146.5006976,3294992146.5006976,31297049624.810658
2025-02-27 00:00:00,DOGE,0.21132376439777223,0.204793918298052,0.2010167471396773,0.2025677647833549,0.2025677647833549,2010954339.9928348,2010954339.9928348,30005439354.273045
2025-02-28 00:00:00,DOGE,0.2025677647833549,0.21073836539926244,0.20412998841423113,0.20687435148382985,0.20687435148382985,1358019956.56816,1358019956.56816,30625263535.15811
2025-03-01 00:00:00,DOGE,0.20687435148382985,0.20258602768022368,0.20037421565238606,0.202090703165187,0.202090703165187,2576697271.018344,2576697271.018344,29923842132.369896
2025-03-02 00:00:00,DOGE,0.202090703165187,0.2075056998298862,0.2053341053518989,0.2063643318249469,0.2063643318249469,1157646034.496794,1157646034.496794,30553755358.248043
2025-03-03 00:00:00,DOGE,0.2063643318249469,0.23990990873466367,0.23691496452347402,0.23984826270128182,0.23984826270128182,3097274702.4251013,3097274702.4251013,35490734904.304985
2025-03-04 00:00:00,DOGE,0.23984826270128182,0.20287717943268505,0.19775177122060958,0.1992080202369079,0.1992080202369079,2740809895.9767084,2740809895.9767084,29478814181.84413
2025-03-05 00:00:00,DOGE,0.1992080202369079,0.20195471341943375,0.19812543751033238,0.19921021819753496,0.19921021819753496,2339671816.89161,2339671816.89161,29486719912.765648
2025-03-06 00:00:00,DOGE,0.19921021819753496,0.20501582713228259,0.20248489189721092,0.2047254361049545,0.2047254361049545,1407399493.6843045,1407399493.6843045,30372562019.722427
2025-03-07 00:00:00,DOGE,0.2047254361049545,0.20323861282015618,0.198440249103343,0.20179543870507013,0.20179543870507013,1745673856.792128,1745673856.792128,29909473228.63224
2025-03-08 00:00:00,DOGE,0.20179543870507013,0.20022263706178045,0.19768042393418725,0.19818899754056155,0.19818899754056155,1799280522.9607399,1799280522.9607399,29344409114.79347
2025-03-09 00:00:00,DOGE,0.19818899754056155,0.19238954590793136,0.19096657777008,0.1920085565173097,0.1920085565173097,920959171.3325987,920959171.3325987,28463472615.689545
2025-03-10 00:00:00,DOGE,0.1920085565173097,0.16801213030364187,0.16581952355932933,0.16781880397573898,0.16781880397573898,1740953627.9304154,1740953627.9304154,24907553213.57859
2025-03-11 00:00:00,DOGE,0.16781880397573898,0.15645375967800057,0.15254110441547852,0.1547380234116144,0.1547380234116144,2314515671.2670493,2314515671.2670493,22967908412.457058
2025-03-12 00:00:00,DOGE,0.1547380234116144,0.16541531082493194,0.16414918230482636,0.16453862742792452,0.16453862742792452,2372987953.769865,2372987953.769865,24423796970.680458
2025-03-13 00:00:00,DOGE,0.16453862742792452,0.17562335752679187,0.17047083695342008,0.17243693431666607,0.17243693431666607,1624350642.4645834,1624350642.4645834,25550714731.497646
2025-03-14 00:00:00,DOGE,0.17243693431666607,0.16763403538889163,0.16353481495992955,0.1649488685474606,0.1649488685474606,1450396811.6367147,1450396811.6367147,24473177707.891407
2025-03-15 00:00:00,DOGE,0.1649488685474606,0.17522383141036757,0.16971623993700466,0.1718195561000062,0.1718195561000062,1034276360.1389003,1034276360.1389003,25500418386.69835
2025-03-16 00:00:00,DOGE,0.1718195561000062,0.17819603268126422,0.1733522968502078,0.1761459784539959,0.1761459784539959,720298076.7908576,720298076.7908576,26145240613.72014
2025-03-17 00:00:00,DOGE,0.1761459784539959,0.16851320037142745,0.16781862363766392,0.16830195397278094,0.16830195397278094,927114505.6414578,927114505.6414578,24983784095.335926
2025-03-18 00:00:00,DOGE,0.16830195397278094,0.17479226208770568,0.17061287759455174,0.1736204186748998,0.1736204186748998,1018336232.4544977,1018336232.4544977,25780933531.33528
2025-03-19 00:00:00,DOGE,0.1736204186748998,0.16973519327070652,0.16579035093493077,0.16827610995428421,0.16827610995428421,1069389407.6757383,1069389407.6757383,24944528516.753197
2025-03-20 00:00:00,DOGE,0.16827610995428421,0.1798818547642885,0.17776141692137484,0.17800348456939283,0.17800348456939283,1320951169.9347699,1320951169.9347699,26442796451.105247
2025-03-21 00:00:00,DOGE,0.17800348456939283,0.17281078017184717,0.16930633838793296,0.1695621495268066,0.1695621495268066,1038017898.997562,1038017898.997562,25198496224.975834
2025-03-22 00:00:00,DOGE,0.1695621495268066,0.1698592164525505,0.16403656845150807,0.1670057513578968,0.1670057513578968,762513837.5823433,762513837.5823433,24802337475.666485
2025-03-23 00:00:00,DOGE,0.1670057513578968,0.16975583905353267,0.16599350240944463,0.16721240679915322,0.16721240679915322,436636928.7216825,436636928.7216825,24809123674.004166
2025-03-24 00:00:00,DOGE,0.16721240679915322,0.17302352776642896,0.16990658996563984,0.17217769230516256,0.17217769230516256,571990345.4855789,571990345.4855789,25567291759.662663
2025-03-25 00:00:00,DOGE,0.17217769230516256,0.1844054761357841,0.17912132591300176,0.18261625231959078,0.18261625231959078,1592931137.3506715,1592931137.3506715,27091109233.552685
2025-03-26 00:00:00,DOGE,0.18261625231959078,0.1931456192329588,0.19082876649607267,0.19098207188312502,0.19098207188312502,1696540510.903378,1696540510.903378,28357774760.5922
2025-03-27 00:00:00,DOGE,0.19098207188312502,0.19567411311804514,0.1946574014261881,0.19493224841665846,0.19493224841665846,2258885477.8762884,2258885477.8762884,28936205832.28477
2025-03-28 00:00:00,DOGE,0.19493224841665846,0.1932591382983425,0.1904698604664824,0.19074107097709586,0.19074107097709586,1368405082.3626633,1368405082.3626633,28336140460.271873
2025-03-29 00:00:00,DOGE,0.19074107097709586,0.18186975729130078,0.17893891231645906,0.18027688468027825,0.18027688468027825,1384586893.3114476,1384586893.3114476,26786788253.431107
2025-03-30 00:00:00,DOGE,0.18027688468027825,0.16999340430394405,0.1678202414321561,0.16955629560567131,0.16955629560567131,1145772000.0759876,1145772000.0759876,25196649883.057045
2025-03-31 00:00:00,DOGE,0.16955629560567131,0.16883194418092437,0.16406444689061153,0.16642492555953572,0.16642492555953572,830307371.9494493,830307371.9494493,24723665521.268337
2025-04-01 00:00:00,DOGE,0.16642492555953572,0.1679814391238241,0.16612140304026962,0.16658416279748312,0.16658416279748312,1345691695.4520378,1345691695.4520378,24715772966.690254
2025-04-02 00:00:00,DOGE,0.16658416279748312,0.17533219542386386,0.17265874937416248,0.17426890464126327,0.17426890464126327,1226397943.461258,1226397943.461258,25907094165.489334
2025-04-03 00:00:00,DOGE,0.17426890464126327,0.16438476448251232,0.16268352199850192,0.16424145213076016,0.16424145213076016,1764099720.7163243,1764099720.7163243,24434984199.50534
2025-04-04 00:00:00,DOGE,0.16424145213076016,0.164397538165275,0.15950054772239453,0.16201946825238184,0.16201946825238184,1222246072.0530603,1222246072.0530603,24103024324.683754
2025-04-05 00:00:00,DOGE,0.16201946825238184,0.1711201931962351,0.16979922926093105,0.17105607575055004,0.17105607575055004,1761401248.3904846,1761401248.3904846,25431701590.520325
2025-04-06 00:00:00,DOGE,0.17105607575055004,0.1698288164273616,0.16607872281092015,0.16936834660585817,0.16936834660585817,641157289.4817889,641157289.4817889,25118525002.33291
2025-04-07 00:00:00,DOGE,0.16936834660585817,0.14956668239412274,0.1479155431516616,0.1489432542832566,0.1489432542832566,1301616555.750496,1301616555.750496,22189098484.344727
2025-04-08 00:00:00,DOGE,0.1489432542832566,0.1496590143674883,0.14738777637518613,0.14918497020443497,0.14918497020443497,3584892367.483011,3584892367.483011,22253535629.205784
2025-04-09 00:00:00,DOGE,0.14918497020443497,0.14370774973974662,0.14124487399471392,0.14198151472944057,0.14198151472944057,1942313541.7331955,1942313541.7331955,21106734800.421078
2025-04-10 00:00:00,DOGE,0.14198151472944057,0.16145891851538458,0.15809663344396227,0.16055894504582743,0.16055894504582743,2380965896.56504,2380965896.56504,23903967352.649323
2025-04-11 00:00:00,DOGE,0.16055894504582743,0.15565315291619217,0.1524312172017271,0.15390298849579126,0.15390298849579126,1258486079.0766785,1258486079.0766785,22901498580.377064
2025-04-12 00:00:00,DOGE,0.15390298849579126,0.16009533682606417,0.158464473149205,0.15998899838417066,0.15998899838417066,884950609.7365417,884950609.7365417,23803360358.75832
2025-04-13 00:00:00,DOGE,0.15998899838417066,0.16899668441081558,0.16493637941872627,0.1676649778139498,0.1676649778139498,878035311.5158367,878035311.5158367,24955320227.91173
2025-04-14 00:00:00,DOGE,0.1676649778139498,0.1657066043468839,0.16039369405832127,0.16266937714088095,0.16266937714088095,883332811.3620282,883332811.3620282,24195571585.229347
2025-04-15 00:00:00,DOGE,0.16266937714088095,0.1593687786691008,0.1575195639642851,0.15859949254254385,0.15859949254254385,981131649.7028836,981131649.7028836,23606479057.263405
2025-04-16 00:00:00,DOGE,0.15859949254254385,0.1545281694743139,0.15085634681369647,0.15346609912402615,0.15346609912402615,766817730.5676734,766817730.5676734,22838512654.26413
2025-04-17 00:00:00,DOGE,0.15346609912402615,0.15477403898593078,0.1518746755984176,0.15471755583387967,0.15471755583387967,811820241.5800865,811820241.5800865,23025656395.115612
2025-04-18 00:00:00,DOGE,0.15471755583387967,0.1581963064173392,0.15318932453689718,0.15587153787530794,0.15587153787530794,576830755.033105,576830755.033105,23201318598.79681
2025-04-19 00:00:00,DOGE,0.15587153787530794,0.1604996935252567,0.1560009134985818,0.15761670017483884,0.15761670017483884,463491541.12553006,463491541.12553006,23466473789.583706
2025-04-20 00:00:00,DOGE,0.15761670017483884,0.15862585875987523,0.15506146496371098,0.1573112204332398,0.1573112204332398,465683707.3180399,465683707.3180399,23421890793.07413
2025-04-21 00:00:00,DOGE,0.1573112204332398,0.15585674662195292,0.1520975891259591,0.15502979487902038,0.15502979487902038,627635503.5448277,627635503.5448277,23087095434.012623
2025-04-22 00:00:00,DOGE,0.15502979487902038,0.1594730683075641,0.15878443714011137,0.15908436227169534,0.15908436227169534,1073037989.6116908,1073037989.6116908,23684115045.127453
2025-04-23 00:00:00,DOGE,0.15908436227169534,0.18166940700685635,0.1761642164611387,0.17846828302254636,0.17846828302254636,1711081936.272815,1711081936.272815,26545168244.012844
2025-04-24 00:00:00,DOGE,0.17846828302254636,0.1787829576213116,0.17535271195956148,0.178401008327384,0.178401008327384,1995530473.1645606,1995530473.1645606,26579717496.02347
2025-04-25 00:00:00,DOGE,0.178401008327384,0.18557068226450185,0.18033923575539013,0.1827667552587444,0.1827667552587444,1582350788.3865557,1582350788.3865557,27250786093.915184
2025-04-26 00:00:00,DOGE,0.1827667552587444,0.1841008065244971,0.18138157825210255,0.18203103968675263,0.18203103968675263,1843701071.9974282,1843701071.9974282,27124340341.544304
2025-04-27 00:00:00,DOGE,0.18203103968675263,0.18219927543851944,0.17825144170102025,0.1818819719415684,0.1818819719415684,1565227653.8490603,1565227653.8490603,27079862224.42596
2025-04-28 00:00:00,DOGE,0.1818819719415684,0.18175751404468535,0.17858453960256962,0.17961827119108673,0.17961827119108673,1169887084.9933372,1169887084.9933372,26768202204.16714
2025-04-29 00:00:00,DOGE,0.17961827119108673,0.17915245285780895,0.1764461791865817,0.17906901640129896,0.17906901640129896,1425140393.9800472,1425140393.9800472,26679443869.89703
2025-04-30 00:00:00,DOGE,0.17906901640129896,0.1766174164210283,0.17194740430773336,0.17439945720299668,0.17439945720299668,1024411673.6699723,1024411673.6699723,25982850293.054985
2025-05-01 00:00:00,DOGE,0.17439945720299668,0.17451889483611488,0.16948879106635512,0.1724103485197474,0.1724103485197474,984673872.4637718,984673872.4637718,25701826438.560123
2025-05-02 00:00:00,DOGE,0.1724103485197474,0.18382127109138036,0.17781510937644263,0.18070374109047424,0.18070374109047424,1082529407.4818537,1082529407.4818537,26930341143.843082
2025-05-03 00:00:00,DOGE,0.18070374109047424,0.18226414164576588,0.18105416255425516,0.181388087156242,0.181388087156242,1034181805.0957793,1034181805.0957793,27035739554.81099
2025-05-04 00:00:00,DOGE,0.181388087156242,0.17578838141229622,0.17460041397667317,0.17576785161701966,0.17576785161701966,588937633.3899407,588937633.3899407,26198617063.23001
2025-05-05 00:00:00,DOGE,0.17576785161701966,0.17377134087318324,0.17039611019260598,0.17071232656977398,0.17071232656977398,630425272.9600186,630425272.9600186,25438315886.06924
2025-05-06 00:00:00,DOGE,0.17071232656977398,0.17210270980107362,0.16932745862594958,0.17065490621117071,0.17065490621117071,692750494.2443322,692750494.2443322,25451467156.19953
2025-05-07 00:00:00,DOGE,0.17065490621117071,0.17273930631018272,0.17153042966797047,0.17232477779627986,0.17232477779627986,858252275.6780319,858252275.6780319,25705289755.411777
2025-05-08 00:00:00,DOGE,0.17232477779627986,0.17406326359224458,0.17150772263573227,0.17211562672825226,0.17211562672825226,712638970.1262684,712638970.1262684,25674779020.41389
2025-05-09 00:00:00,DOGE,0.17211562672825226,0.19818684800013242,0.19436425143603334,0.19718642657948848,0.19718642657948848,2184563689.3913965,2184563689.3913965,29420458961.447674
2025-05-10 00:00:00,DOGE,0.19718642657948848,0.207874389221888,0.20299768908479604,0.20518315482145336,0.20518315482145336,2680468298.856808,2680468298.856808,30600308505.99836
2025-05-11 00:00:00,DOGE,0.20518315482145336,0.25293865528930026,0.2444015897152845,0.24808618010965436,0.24808618010965436,3646454138.724175,3646454138.724175,37006177667.7717
2025-05-12 00:00:00,DOGE,0.24808618010965436,0.2332289258507326,0.2289994662039268,0.23156210463126953,0.23156210463126953,3947378387.2038565,3947378387.2038565,34547740638.35008
2025-05-13 00:00:00,DOGE,0.23156210463126953,0.23471471545796846,0.2302241568719419,0.23141813764156494,0.23141813764156494,5064612800.031126,5064612800.031126,34561842710.43985
2025-05-14 00:00:00,DOGE,0.23141813764156494,0.24325741010789642,0.24043264241497359,0.24063615504965347,0.24063615504965347,3014744188.0036793,3014744188.0036793,35890356994.59683
2025-05-15 00:00:00,DOGE,0.24063615504965347,0.23325320598358074,0.23058326945759497,0.2326880678038404,0.2326880678038404,2454948301.1486807,2454948301.1486807,34731729857.53937
2025-05-16 00:00:00,DOGE,0.2326880678038404,0.22223754625338402,0.21635475129148796,0.2188193912978982,0.2188193912978982,2678224342.760629,2678224342.760629,32661581229.673786
2025-05-17 00:00:00,DOGE,0.2188193912978982,0.22566670722131843,0.21983787896538767,0.2225780495761936,0.2225780495761936,1958996831.8259764,1958996831.8259764,33231331928.635384
2025-05-18 00:00:00,DOGE,0.2225780495761936,0.21760936751354204,0.21295047073628004,0.21488311590610068,0.21488311590610068,1513815302.0764408,1513815302.0764408,32078446831.646065
2025-05-19 00:00:00,DOGE,0.21488311590610068,0.233543800167569,0.22975871248969076,0.23064675587556407,0.23064675587556407,2570476559.8316875,2570476559.8316875,34393197336.04474
2025-05-20 00:00:00,DOGE,0.23064675587556407,0.22739195875876095,0.22289510308387545,0.22450514333500976,0.22450514333500976,2376793956.561148,2376793956.561148,33514267920.599346
2025-05-21 00:00:00,DOGE,0.22450514333500976,0.22679245252393623,0.22436934380097867,0.2262524320952927,0.2262524320952927,1922612443.9864995,1922612443.9864995,33775168048.661053
2025-05-22 00:00:00,DOGE,0.2262524320952927,0.23744052314623415,0.2296692406027461,0.2341442300716922,0.2341442300716922,3004714773.9630966,3004714773.9630966,34975336540.52911
2025-05-23 00:00:00,DOGE,0.2341442300716922,0.2490668787576915,0.2443990598925348,0.24486878935117973,0.24486878935117973,2941230875.1653132,2941230875.1653132,36543465183.708496
2025-05-24 00:00:00,DOGE,0.24486878935117973,0.22723394820945456,0.22261783911922348,0.2256050681389216,0.2256050681389216,3637150461.689047,3637150461.689047,33699141296.707493
2025-05-25 00:00:00,DOGE,0.2256050681389216,0.22916274615652707,0.2210732381974073,0.22526605771065214,0.22526605771065214,1259477163.8986466,1259477163.8986466,33650993086.402634
2025-05-26 00:00:00,DOGE,0.22526605771065214,0.2261895107717297,0.22143979511456344,0.22410051858731672,0.22410051858731672,1545639564.3810167,1545639564.3810167,33473634384.500397
2025-05-27 00:00:00,DOGE,0.22410051858731672,0.22893575091394705,0.22509492770085682,0.2257235127127771,0.2257235127127771,1143793583.726899,1143793583.726899,33720067287.935783
2025-05-28 00:00:00,DOGE,0.2257235127127771,0.2281781479564421,0.22285493256749483,0.22613701089072946,0.22613701089072946,1456507542.766112,1456507542.766112,33785799788.59822
2025-05-29 00:00:00,DOGE,0.22613701089072946,0.22289649188671035,0.2179896402632801,0.22106443772687143,0.22106443772687143,1226851069.773066,1226851069.773066,33036485544.250744
2025-05-30 00:00:00,DOGE,0.22106443772687143,0.2179354879209576,0.21517947615686,0.21583653318215457,0.21583653318215457,1584406711.2735288,1584406711.2735288,32255789593.041676
2025-05-31 00:00:00,DOGE,0.21583653318215457,0.19502155535413496,0.1905826339523702,0.19293898362115516,0.19293898362115516,2378183690.790229,2378183690.790229,28833941358.602425
2025-06-01 00:00:00,DOGE,0.19293898362115516,0.19609613129317263,0.1915701099560396,0.19295707336811818,0.19295707336811818,1504531665.3964663,1504531665.3964663,28832851074.892597
2025-06-02 00:00:00,DOGE,0.19295707336811818,0.19466667076649682,0.1901621498937563,0.19396166511401375,0.19396166511401375,911443941.2315271,911443941.2315271,29006673700.313576
2025-06-03 00:00:00,DOGE,0.19396166511401375,0.19598973330138114,0.19421482730924539,0.19561462907109173,0.19561462907109173,978658402.706214,978658402.706214,29256077816.3805
2025-06-04 00:00:00,DOGE,0.19561462907109173,0.19621168299814082,0.19223735617686893,0.1932015824493309,0.1932015824493309,1022043262.7615937,1022043262.7615937,28890544653.101982
2025-06-05 00:00:00,DOGE,0.1932015824493309,0.18976521107788807,0.1860168427868022,0.18839829903335972,0.18839829903335972,747043585.3475871,747043585.3475871,28179133110.479073
2025-06-06 00:00:00,DOGE,0.18839829903335972,0.17251183523649166,0.1695323061149441,0.1718712124430595,0.1718712124430595,1685747847.4578166,1685747847.4578166,25707965258.477955
2025-06-07 00:00:00,DOGE,0.1718712124430595,0.17969153060937854,0.17822617225098875,0.1793030276082122,0.1793030276082122,1265730397.487727,1265730397.487727,26816885117.12925
2025-06-08 00:00:00,DOGE,0.1793030276082122,0.18811314518062172,0.1825568215586395,0.18501664041068297,0.18501664041068297,803511327.8148144,803511327.8148144,27675258392.52279
2025-06-09 00:00:00,DOGE,0.18501664041068297,0.18714931790160386,0.18082334620369528,0.18422270395966683,0.18422270395966683,678570070.0225133,678570070.0225133,27555661512.425903
2025-06-10 00:00:00,DOGE,0.18422270395966683,0.1950623987523044,0.19189215231862228,0.19481978852801837,0.19481978852801837,1210257482.7317545,1210257482.7317545,29147106420.01421
2025-06-11 00:00:00,DOGE,0.19481978852801837,0.19900731839776445,0.1942819615077357,0.19785971093017923,0.19785971093017923,1443670215.5619726,1443670215.5619726,29586646385.480976
2025-06-12 00:00:00,DOGE,0.19785971093017923,0.19570030583615317,0.19106102256232518,0.1930335430982705,0.1930335430982705,1615125585.5308516,1615125585.5308516,28877497977.748463
2025-06-13 00:00:00,DOGE,0.1930335430982705,0.18364844497671506,0.18105042105220737,0.18169744621506415,0.18169744621506415,1226127047.8703182,1226127047.8703182,27223347161.07496
2025-06-14 00:00:00,DOGE,0.18169744621506415,0.1818051470421302,0.1797204567047424,0.18013678747049802,0.18013678747049802,1845801962.6252491,1845801962.6252491,26964124795.371246
2025-06-15 00:00:00,DOGE,0.18013678747049802,0.17963770295475615,0.17584090332203325,0.1784162711217158,0.1784162711217158,769990081.9494456,769990081.9494456,26713671012.167526
2025-06-16 00:00:00,DOGE,0.1784162711217158,0.17748382844100374,0.17283921593228974,0.17577906724677725,0.17577906724677725,738625978.9442667,738625978.9442667,26317930782.66883
2025-06-17 00:00:00,DOGE,0.17577906724677725,0.17697849118772807,0.17306011792861298,0.17378599934566444,0.17378599934566444,1199123760.8001316,1199123760.8001316,26085591114.39921
2025-06-18 00:00:00,DOGE,0.17378599934566444,0.17111160530960715,0.1674091101025287,0.16993733949907552,0.16993733949907552,1280430419.7646747,1280430419.7646747,25444598270.93267
2025-06-19 00:00:00,DOGE,0.16993733949907552,0.17101694772954962,0.17012833711342726,0.17037971945944577,0.17037971945944577,1049946144.9695418,1049946144.9695418,25507393667.415367
2025-06-20 00:00:00,DOGE,0.17037971945944577,0.17133457262796256,0.16942775190802029,0.17092098070802442,0.17092098070802442,588664783.4255879,588664783.4255879,25595650404.66957
2025-06-21 00:00:00,DOGE,0.17092098070802442,0.16462154991807543,0.16146432216356627,0.16233193333616464,0.16233193333616464,1237051244.9392583,1237051244.9392583,24308593118.583538
2025-06-22 00:00:00,DOGE,0.16233193333616464,0.15417505624845648,0.15119328907109725,0.15308002215118727,0.15308002215118727,917363601.712149,917363601.712149,22900923503.0541
2025-06-23 00:00:00,DOGE,0.15308002215118727,0.15248916377061586,0.14935608188051086,0.15114781788974174,0.15114781788974174,2107400665.563507,2107400665.563507,22627472217.535885
2025-06-24 00:00:00,DOGE,0.15114781788974174,0.16485556856317812,0.16146723796291493,0.16447256694307244,0.16447256694307244,1476052213.0260837,1476052213.0260837,24642213767.01148
2025-06-25 00:00:00,DOGE,0.16447256694307244,0.16628257421934775,0.1624182900135162,0.16561516104968574,0.16561516104968574,1203882777.0264912,1203882777.0264912,24805507817.44763
2025-06-26 00:00:00,DOGE,0.16561516104968574,0.16460298580376714,0.16227406597203048,0.16448390661542975,0.16448390661542975,920508730.9793873,920508730.9793873,24645203761.557873
2025-06-27 00:00:00,DOGE,0.16448390661542975,0.160364513149763,0.1572801513243183,0.1600423291811019,0.1600423291811019,1004177048.9592903,1004177048.9592903,23970055920.15505
2025-06-28 00:00:00,DOGE,0.1600423291811019,0.16115735916559115,0.15988929599279034,0.1610085986478116,0.1610085986478116,689269157.2256726,689269157.2256726,24125832921.453415
2025-06-29 00:00:00,DOGE,0.1610085986478116,0.16463181416403141,0.16345279996603954,0.1637313288044104,0.1637313288044104,431899971.54874885,431899971.54874885,24532171454.01609
2025-06-30 00:00:00,DOGE,0.1637313288044104,0.1699527389011327,0.16716255272075103,0.16954760970067637,0.16954760970067637,610468369.8983374,610468369.8983374,25406787390.717094
2025-07-01 00:00:00,DOGE,0.16954760970067637,0.16531130421801618,0.1643614522052615,0.16513647959219713,0.16513647959219713,945647952.4686167,945647952.4686167,24751800622.22817
2025-07-02 00:00:00,DOGE,0.16513647959219713,0.15786492370355268,0.15627069306913083,0.1575952425941886,0.1575952425941886,740706410.3175782,740706410.3175782,23623051834.675014
2025-07-03 00:00:00,DOGE,0.1575952425941886,0.17139546353901194,0.16756874741087296,0.16892581001355808,0.16892581001355808,1296201165.0491905,1296201165.0491905,25328625605.49418
2025-07-04 00:00:00,DOGE,0.16892581001355808,0.1745792085261614,0.17053865669235144,0.17197045822677628,0.17197045822677628,1460263401.587677,1460263401.587677,25786750120.98995
2025-07-05 00:00:00,DOGE,0.17197045822677628,0.16464914240317977,0.162357746485624,0.1628779247346829,0.1628779247346829,1166672769.5388994,1166672769.5388994,24420645261.485683
2025-07-06 00:00:00,DOGE,0.1628779247346829,0.16539547869041968,0.16174754838379024,0.16431433970640547,0.16431433970640547,504646523.890461,504646523.890461,24640061585.599083
2025-07-07 00:00:00,DOGE,0.16431433970640547,0.1718614235116502,0.16927965450419677,0.1718463077672067,0.1718463077672067,1283597162.6273847,1283597162.6273847,25766029799.43684
2025-07-08 00:00:00,DOGE,0.1718463077672067,0.1681312055993314,0.16584680255937972,0.16786356600618882,0.16786356600618882,1345775650.558815,1345775650.558815,25165540293.538612
2025-07-09 00:00:00,DOGE,0.16786356600618882,0.1716393027859163,0.16962818874944752,0.17098496244236958,0.17098496244236958,914434551.8923894,914434551.8923894,25641522579.296265
2025-07-10 00:00:00,DOGE,0.17098496244236958,0.18300115204170653,0.1796245751288624,0.18082547920631353,0.18082547920631353,1840121813.7065063,1840121813.7065063,27152485203.747025
2025-07-11 00:00:00,DOGE,0.18082547920631353,0.1964931804453078,0.1931373407491404,0.19393383510790288,0.19393383510790288,4680808041.302957,4680808041.302957,29078960216.77345
2025-07-12 00:00:00,DOGE,0.19393383510790288,0.20124089076933357,0.19927425543423222,0.20104732473533218,0.20104732473533218,11922106373.55608,11922106373.55608,30166820631.87762
2025-07-13 00:00:00,DOGE,0.20104732473533218,0.2002502060697791,0.19562433924975917,0.1969316863516775,0.1969316863516775,4736930630.668871,4736930630.668871,29548232450.111855
2025-07-14 00:00:00,DOGE,0.1969316863516775,0.19917566194395697,0.19593619578096985,0.1981830429850487,0.1981830429850487,4047927478.517369,4047927478.517369,29741486928.41557
2025-07-15 00:00:00,DOGE,0.1981830429850487,0.1979868461860139,0.19592835855885496,0.19720159565229248,0.19720159565229248,7958901487.951687,7958901487.951687,29594179812.646618
2025-07-16 00:00:00,DOGE,0.19720159565229248,0.20122011105697865,0.19704297385217348,0.1988073865760867,0.1988073865760867,6150062246.882272,6150062246.882272,29792410672.68887
2025-07-17 00:00:00,DOGE,0.1988073865760867,0.21539600686100102,0.21089335135955703,0.21317019869379383,0.21317019869379383,8703908987.238749,8703908987.238749,32001145359.94545
2025-07-18 00:00:00,DOGE,0.21317019869379383,0.21933414384149677,0.2174894028150643,0.21904854482534883,0.21904854482534883,10686934874.27719,10686934874.27719,32889395094.371353
2025-07-19 00:00:00,DOGE,0.21904854482534883,0.23939772015964556,0.23614845360879635,0.23623310474250733,0.23623310474250733,22595520295.463337,22595520295.463337,35439846209.562904
2025-07-20 00:00:00,DOGE,0.23623310474250733,0.24548923090638972,0.23694945843875775,0.24136273371397565,0.24136273371397565,13194109287.318554,13194109287.318554,36204610445.715965
2025-07-21 00:00:00,DOGE,0.24136273371397565,0.2754510571818031,0.2706697224891682,0.27294634200835066,0.27294634200835066,19568264636.543987,19568264636.543987,40991383553.3522
2025-07-22 00:00:00,DOGE,0.27294634200835066,0.27338319816971646,0.2660620436428365,0.2712676656637909,0.2712676656637909,19724089022.900936,19724089022.900936,40733502344.68567
2025-07-23 00:00:00,DOGE,0.2712676656637909,0.27061777530385417,0.269067647339286,0.26965305868671147,0.26965305868671147,13570193608.69496,13570193608.69496,40487669061.57009
2025-07-24 00:00:00,DOGE,0.26965305868671147,0.24110631256259607,0.23718954416567187,0.24065455241490835,0.24065455241490835,13277090960.170126,13277090960.170126,36137069321.204216
2025-07-25 00:00:00,DOGE,0.24065455241490835,0.23425071492493219,0.2291865363599572,0.23175612511358704,0.23175612511358704,13115780350.729208,13115780350.729208,34797142588.62957
2025-07-26 00:00:00,DOGE,0.23175612511358704,0.23807022252201926,0.23617013142760307,0.23648246833968434,0.23648246833968434,10617550354.59215,10617550354.59215,35519294456.5258
2025-07-27 00:00:00,DOGE,0.23648246833968434,0.24040021131628614,0.2343714020137872,0.23580457484737566,0.23580457484737566,2550054072.1875014,2550054072.1875014,35429692150.38888
2025-07-28 00:00:00,DOGE,0.23580457484737566,0.24266585662867957,0.23751100227921518,0.24051648808122306,0.24051648808122306,2320603450.9149795,2320603450.9149795,36152403387.71565
2025-07-29 00:00:00,DOGE,0.24051648808122306,0.22838029307355479,0.22420811223147566,0.2251397569003692,0.2251397569003692,3724637353.297932,3724637353.297932,33929150743.176254
2025-07-30 00:00:00,DOGE,0.2251397569003692,0.22769954114322905,0.22279223299129317,0.22343167438710165,0.22343167438710165,2278033222.709292,2278033222.709292,33549045657.114204
2025-07-31 00:00:00,DOGE,0.22343167438710165,0.2239111199294505,0.21718671898820283,0.2203174498049267,0.2203174498049267,2167890918.319192,2167890918.319192,33066932447.72133
2025-08-01 00:00:00,DOGE,0.2203174498049267,0.209934747114707,0.20749480488934316,0.2096463144206449,0.2096463144206449,1805683883.5123882,1805683883.5123882,31526025321.554695
2025-08-02 00:00:00,DOGE,0.2096463144206449,0.20308884865140123,0.19936695247730266,0.2010203069750151,0.2010203069750151,3428039994.5355105,3428039994.5355105,30231874356.680836
2025-08-03 00:00:00,DOGE,0.2010203069750151,0.19464291191908076,0.1889211371470503,0.1916269540469158,0.1916269540469158,2210274745.363327,2210274745.363327,28882793410.111366
2025-08-04 00:00:00,DOGE,0.1916269540469158,0.20151371373691387,0.1957171155090319,0.19886328779242604,0.19886328779242604,1336955076.0650904,1336955076.0650904,29900860825.737633
2025-08-05 00:00:00,DOGE,0.19886328779242604,0.21169138472588592,0.2076148333037358,0.210479556777086,0.210479556777086,1782468201.5756187,1782468201.5756187,31670060362.72394
2025-08-06 00:00:00,DOGE,0.210479556777086,0.20029666800086735,0.1960165013178879,0.1996421893552106,0.1996421893552106,1463965752.726498,1463965752.726498,30047384671.162437
2025-08-07 00:00:00,DOGE,0.1996421893552106,0.20921265010746906,0.2043917660508267,0.20524481678624307,0.20524481678624307,1137499719.461071,1137499719.461071,30865821107.269722
2025-08-08 00:00:00,DOGE,0.20524481678624307,0.22483444432370536,0.21892494608319302,0.22242594906092986,0.22242594906092986,1915221615.4491138,1915221615.4491138,33455136711.014084
2025-08-09 00:00:00,DOGE,0.22242594906092986,0.2332509045516081,0.2276294102607517,0.23035201883070147,0.23035201883070147,2514417767.505087,2514417767.505087,34646916521.967964
2025-08-10 00:00:00,DOGE,0.23035201883070147,0.24155373646375355,0.23694105837738805,0.24079107603339342,0.24079107603339342,2862262009.5341763,2862262009.5341763,36227066784.67707
2025-08-11 00:00:00,DOGE,0.24079107603339342,0.23770785506661582,0.23028881805261064,0.2339151503650981,0.2339151503650981,2105690993.7302308,2105690993.7302308,35168371695.401855
2025-08-12 00:00:00,DOGE,0.2339151503650981,0.2265307927523248,0.2224240543047671,0.22279669505434282,0.22279669505434282,2650792083.358086,2650792083.358086,33496880094.120926
2025-08-13 00:00:00,DOGE,0.22279669505434282,0.23975620665500907,0.23310189850566954,0.23628639605846,0.23628639605846,2434867946.673603,2434867946.673603,35535037246.777435
2025-08-14 00:00:00,DOGE,0.23628639605846,0.24987926237196292,0.24495947958663938,0.24549919437970946,0.24549919437970946,3743269059.856254,3743269059.856254,36947749049.64795
2025-08-15 00:00:00,DOGE,0.24549919437970946,0.22694031595461597,0.22014741776819347,0.22418991808567507,0.22418991808567507,5195154170.928724,5195154170.928724,33757164948.471878
2025-08-16 00:00:00,DOGE,0.22418991808567507,0.23083894829560336,0.22517862164022076,0.22821263671130274,0.22821263671130274,4256951653.8378463,4256951653.8378463,34345153406.863113
2025-08-17 00:00:00,DOGE,0.22821263671130274,0.23168707352597678,0.2280634541152852,0.23101920616038357,0.23101920616038357,2650090531.492213,2650090531.492213,34771081095.047455
2025-08-18 00:00:00,DOGE,0.23101920616038357,0.23674368470818064,0.23291408705197097,0.23543563785814955,0.23543563785814955,2391323803.13488,2391323803.13488,35452903348.14972
2025-08-19 00:00:00,DOGE,0.23543563785814955,0.22290754144120206,0.2197218782320414,0.22246056482373594,0.22246056482373594,3164132782.1462517,3164132782.1462517,33478282489.925827
2025-08-20 00:00:00,DOGE,0.22246056482373594,0.21211021576234268,0.20610788728417379,0.20911047499485522,0.20911047499485522,2846325133.964973,2846325133.964973,31573443104.15069
2025-08-21 00:00:00,DOGE,0.20911047499485522,0.22458527302667555,0.21737079667620646,0.2215865077683421,0.2215865077683421,3185686320.838252,3185686320.838252,33387849292.39222
2025-08-22 00:00:00,DOGE,0.2215865077683421,0.2160014702281391,0.21266671882702823,0.2146036803461823,0.2146036803461823,2104104384.2466068,2104104384.2466068,32260557805.55944
2025-08-23 00:00:00,DOGE,0.2146036803461823,0.2409042990118961,0.24027755580062066,0.24061883556812297,0.24061883556812297,4456223342.6748,4456223342.6748,36227745500.387924
2025-08-24 00:00:00,DOGE,0.24061883556812297,0.23736836003670392,0.23341517543033874,0.2359037954047403,0.2359037954047403,2481978240.0255656,2481978240.0255656,35513608232.83256
2025-08-25 00:00:00,DOGE,0.2359037954047403,0.23408295613637017,0.22760030744578313,0.2317500228704948,0.2317500228704948,3119480075.408564,3119480075.408564,34951792081.27878
2025-08-26 00:00:00,DOGE,0.2317500228704948,0.20995134717325062,0.20841914941311424,0.20977485568918428,0.20977485568918428,3209114651.504627,3209114651.504627,31632558732.54899
2025-08-27 00:00:00,DOGE,0.20977485568918428,0.22001907262283438,0.21570053415259768,0.21848182440389716,0.21848182440389716,2156426666.2800384,2156426666.2800384,32916880510.861656
2025-08-28 00:00:00,DOGE,0.21848182440389716,0.22181980144273875,0.21784966262202113,0.2194773258086598,0.2194773258086598,2129501447.3323112,2129501447.3323112,33080353873.51445
2025-08-29 00:00:00,DOGE,0.2194773258086598,0.22825198224834226,0.22348189494950724,0.22436553868912731,0.22436553868912731,1798100079.4822326,1798100079.4822326,33816305759.52067
2025-08-30 00:00:00,DOGE,0.22436553868912731,0.21527853388668278,0.21261209911510973,0.21412824594263147,0.21412824594263147,2262984917.085615,2262984917.085615,32276659317.000565
2025-08-31 00:00:00,DOGE,0.21412824594263147,0.21805249102381918,0.21158476812642293,0.2158248863195881,0.2158248863195881,953490709.0340126,953490709.0340126,32538294439.509605
2025-09-01 00:00:00,DOGE,0.2158248863195881,0.21661769551439816,0.21235275388954122,0.2138121881539986,0.2138121881539986,980742706.5821915,980742706.5821915,32224320280.031105
2025-09-02 00:00:00,DOGE,0.2138121881539986,0.21144255970280007,0.20678459952884845,0.21012014689720937,0.21012014689720937,2610554715.582383,2610554715.582383,31677339106.6562
2025-09-03 00:00:00,DOGE,0.21012014689720937,0.2157817266733308,0.21441440523166752,0.21481484336477316,0.21481484336477316,1960119906.0495563,1960119906.0495563,32372803711.979324
2025-09-04 00:00:00,DOGE,0.21481484336477316,0.2241260854436807,0.21818337915308764,0.22060869712158182,0.22060869712158182,1644323428.7362218,1644323428.7362218,33255648476.04051
2025-09-05 00:00:00,DOGE,0.22060869712158182,0.21579595595869097,0.2115194549682255,0.21248433246322776,0.21248433246322776,1348159815.400276,1348159815.400276,32048275139.63678
2025-09-06 00:00:00,DOGE,0.21248433246322776,0.22217427121332628,0.2141105153461933,0.21790522280347202,0.21790522280347202,2080964319.0678818,2080964319.0678818,32875780028.216713
2025-09-07 00:00:00,DOGE,0.21790522280347202,0.21811507499259697,0.21488959656814988,0.2160115789297136,0.2160115789297136,1109021902.7686205,1109021902.7686205,32608992087.21966
2025-09-08 00:00:00,DOGE,0.2160115789297136,0.23246665614637946,0.2268314938838843,0.22849209307593296,0.22849209307593296,1803098275.17244,1803098275.17244,34458314811.968834
2025-09-09 00:00:00,DOGE,0.22849209307593296,0.24388768072446565,0.23844847295487223,0.24204451984067996,0.24204451984067996,3499691101.119174,3499691101.119174,36577754981.82949
2025-09-10 00:00:00,DOGE,0.24204451984067996,0.24509161317947512,0.24083787278656604,0.24093291427061306,0.24093291427061306,3983679513.3099904,3983679513.3099904,36350917047.21883
2025-09-11 00:00:00,DOGE,0.24093291427061306,0.2490158022904842,0.24503775827301968,0.24543876456428945,0.24543876456428945,2768174631.6824803,2768174631.6824803,37030135377.325455
2025-09-12 00:00:00,DOGE,0.24543876456428945,0.2592323094293183,0.2513648210992112,0.25568309955896135,0.25568309955896135,3698334549.8680463,3698334549.8680463,38606584437.57269
2025-09-13 00:00:00,DOGE,0.25568309955896135,0.27585845296558203,0.27446632470281096,0.27551364279954654,0.27551364279954654,4346151545.9657545,4346151545.9657545,41560744374.04719
2025-09-14 00:00:00,DOGE,0.27551364279954654,0.292253504025485,0.2864096636737963,0.28938440733977444,0.28938440733977444,8814134295.680807,8814134295.680807,43675899265.001114
2025-09-15 00:00:00,DOGE,0.28938440733977444,0.27922061557275846,0.2768946169696701,0.2784558102769998,0.2784558102769998,5536012339.200093,5536012339.200093,42023527524.17705
2025-09-16 00:00:00,DOGE,0.2784558102769998,0.2703323101456416,0.2635946708713263,0.2685387946986924,0.2685387946986924,5596117361.866423,5596117361.866423,40481930858.13581
2025-09-17 00:00:00,DOGE,0.2685387946986924,0.2737200879695786,0.2686330805109502,0.2696531218328301,0.2696531218328301,4041455928.527943,4041455928.527943,40724280359.04452
2025-09-18 00:00:00,DOGE,0.2696531218328301,0.2849475361722185,0.2804615041135858,0.282117441910369,0.282117441910369,4796448210.873294,4796448210.873294,42573398342.37777
2025-09-19 00:00:00,DOGE,0.282117441910369,0.2812420123080466,0.2736174354303458,0.2787643266477094,0.2787643266477094,4321656784.85898,4321656784.85898,42069107470.46425
2025-09-20 00:00:00,DOGE,0.2787643266477094,0.26693657259464343,0.26438661215695863,0.26530671371919323,0.26530671371919323,3277904141.6950765,3277904141.6950765,40032519025.96664
2025-09-21 00:00:00,DOGE,0.26530671371919323,0.27164103873099626,0.2664605494233282,0.26755567404153896,0.26755567404153896,1792202405.1960874,1792202405.1960874,40392731465.23334
2025-09-22 00:00:00,DOGE,0.26755567404153896,0.265070267408301,0.2596391816723093,0.2613348265545181,0.2613348265545181,1734698906.3081462,1734698906.3081462,39469421979.68826
2025-09-23 00:00:00,DOGE,0.2613348265545181,0.24479826614362762,0.24069406232147394,0.24128386887273082,0.24128386887273082,5203576972.387224,5203576972.387224,36450831846.15457
2025-09-24 00:00:00,DOGE,0.24128386887273082,0.24030230230409563,0.23459251202666365,0.23761019733597175,0.23761019733597175,2774165344.545794,2774165344.545794,35926678207.284225
2025-09-25 00:00:00,DOGE,0.23761019733597175,0.24287293199107643,0.2391226281907819,0.2407374057852932,0.2407374057852932,3202133565.311215,3202133565.311215,36364461609.58091
2025-09-26 00:00:00,DOGE,0.2407374057852932,0.22309152209735744,0.21937304217071235,0.22239388412703953,0.22239388412703953,4145472954.1742296,4145472954.1742296,33580397207.15773
2025-09-27 00:00:00,DOGE,0.22239388412703953,0.23503461643360557,0.22844919674700373,0.2324576489429464,0.2324576489429464,2901374244.867177,2901374244.867177,35109246575.3974
2025-09-28 00:00:00,DOGE,0.2324576489429464,0.2313103244637615,0.2271467867178626,0.2308267057962403,0.2308267057962403,1270819090.2145033,1270819090.2145033,34891694710.61898
2025-09-29 00:00:00,DOGE,0.2308267057962403,0.24029147310338195,0.2328455158901619,0.2373584240120973,0.2373584240120973,1503357189.300699,1503357189.300699,35868313143.92856
2025-09-30 00:00:00,DOGE,0.2373584240120973,0.2376619761537824,0.23299584170612597,0.23517093556073534,0.23517093556073534,2294600863.467682,2294600863.467682,35551798520.39877
2025-10-01 00:00:00,DOGE,0.23517093556073534,0.23575581991358752,0.23256866765928985,0.2327703853015738,0.2327703853015738,2028125144.741923,2028125144.741923,35172909747.73517
2025-10-02 00:00:00,DOGE,0.2327703853015738,0.2496782924064575,0.24682485388030967,0.24806693017750128,0.24806693017750128,2779083637.1088796,2779083637.1088796,37470683028.53003
2025-10-03 00:00:00,DOGE,0.24806693017750128,0.26514618195025835,0.2612853215182476,0.2617674571494343,0.2617674571494343,3461397003.0761466,3461397003.0761466,39504530110.505844
2025-10-04 00:00:00,DOGE,0.2617674571494343,0.2619170484440708,0.25780895036456003,0.2585990689382798,0.2585990689382798,3163596710.6928363,3163596710.6928363,39150786619.10633
2025-10-05 00:00:00,DOGE,0.2585990689382798,0.25178213194303856,0.24927840179367344,0.25088714295062026,0.25088714295062026,1913004411.6609137,1913004411.6609137,37926155713.5251
2025-10-06 00:00:00,DOGE,0.25088714295062026,0.25524962526223255,0.2503254844271178,0.25296284027536836,0.25296284027536836,3110470554.8030787,3110470554.8030787,38276799495.93508
2025-10-07 00:00:00,DOGE,0.25296284027536836,0.2675899705994444,0.2635207707612646,0.2663063497515599,0.2663063497515599,3799101519.920578,3799101519.920578,40286449215.784775
2025-10-08 00:00:00,DOGE,0.2663063497515599,0.24952589010018042,0.24607516045569988,0.2474019998363525,0.2474019998363525,3858405947.0936546,3858405947.0936546,37412345062.14425
2025-10-09 00:00:00,DOGE,0.2474019998363525,0.25654015888410187,0.2552907529721635,0.2554779705215659,0.2554779705215659,2833194614.214027,2833194614.214027,38655239791.687355
2025-10-10 00:00:00,DOGE,0.2554779705215659,0.25336725434956764,0.24651163003135254,0.24844379648914036,0.24844379648914036,2920843495.681609,2920843495.681609,37569869673.972694
2025-10-11 00:00:00,DOGE,0.24844379648914036,0.19565446360893893,0.19372445876841599,0.19398560680787477,0.19398560680787477,8100992365.578244,8100992365.578244,29363865692.185787
2025-10-12 00:00:00,DOGE,0.19398560680787477,0.18590055209083098,0.1834393238709277,0.18563301824171755,0.18563301824171755,6261439168.809738,6261439168.809738,28084908607.39155
2025-10-13 00:00:00,DOGE,0.18563301824171755,0.21001833953471885,0.20532645415885567,0.20753659744853606,0.20753659744853606,4841592543.587542,4841592543.587542,31345487239.03009
2025-10-14 00:00:00,DOGE,0.20753659744853606,0.21763185487671222,0.21257683992549892,0.21394989838012946,0.21394989838012946,4517341896.36684,4517341896.36684,32374799370.765778
2025-10-15 00:00:00,DOGE,0.21394989838012946,0.20724804942497574,0.2015923207798877,0.20468099791201283,0.20468099791201283,4523252918.613466,4523252918.613466,30986175598.735664
2025-10-16 00:00:00,DOGE,0.20468099791201283,0.1977219550196008,0.19509227556357886,0.196125970301963,0.196125970301963,2627147443.7439065,2627147443.7439065,29692979906.518795
2025-10-17 00:00:00,DOGE,0.196125970301963,0.19057383455055138,0.18731617708280135,0.1882065213549952,0.1882065213549952,3241355827.074683,3241355827.074683,28520346231.548283
2025-10-18 00:00:00,DOGE,0.1882065213549952,0.18666173194419877,0.18248967149376366,0.18491410819207602,0.18491410819207602,3111350004.410424,3111350004.410424,28017566647.82695
2025-10-19 00:00:00,DOGE,0.18491410819207602,0.1899467274974905,0.18646981203298524,0.18954325759734506,0.18954325759734506,1190809147.2150729,1190809147.2150729,28692773109.21963
2025-10-20 00:00:00,DOGE,0.18954325759734506,0.19584796048032735,0.1934712745721077,0.19520501124976605,0.19520501124976605,1874656604.6280694,1874656604.6280694,29533652475.4517
2025-10-21 00:00:00,DOGE,0.19520501124976605,0.20328441886844373,0.19815058715106532,0.19996595879779044,0.19996595879779044,1988836300.0409455,1988836300.0409455,30284357031.020576
2025-10-22 00:00:00,DOGE,0.19996595879779044,0.1981444133450111,0.1938941002862622,0.19449991155015053,0.19449991155015053,2606141928.3068,2606141928.3068,29450097902.36554
2025-10-23 00:00:00,DOGE,0.19449991155015053,0.19129066125170005,0.18799604822855248,0.19001323956155677,0.19001323956155677,2371226307.507437,2371226307.507437,28767067809.38771
2025-10-24 00:00:00,DOGE,0.19001323956155677,0.19774539151821025,0.1910423578053927,0.19477691026790134,0.19477691026790134,1629446544.6487563,1629446544.6487563,29488219173.49132
2025-10-25 00:00:00,DOGE,0.19477691026790134,0.19974962985796443,0.19685067701605222,0.19764132779850196,0.19764132779850196,1406384513.7077901,1406384513.7077901,29926607273.09465
2025-10-26 00:00:00,DOGE,0.19764132779850196,0.19988970737296768,0.1960631511552518,0.1965943046754672,0.1965943046754672,1075226620.2515786,1075226620.2515786,29791835674.394855
2025-10-27 00:00:00,DOGE,0.1965943046754672,0.20912927387855487,0.2054089977534093,0.20584151036172318,0.20584151036172318,1581145815.6572616,1581145815.6572616,31177195854.827175
2025-10-28 00:00:00,DOGE,0.20584151036172318,0.20185360113270978,0.19778349519145647,0.20052168840914944,0.20052168840914944,1848345428.0483458,1848345428.0483458,30389994293.074062
2025-10-29 00:00:00,DOGE,0.20052168840914944,0.19585483046993118,0.19145218534360747,0.19376247597702617,0.19376247597702617,2597073599.5679064,2597073599.5679064,29375890794.953537
2025-10-30 00:00:00,DOGE,0.19376247597702617,0.19392269812241814,0.18867814442420472,0.19235527078076486,0.19235527078076486,2375728222.566507,2375728222.566507,29154497445.540794
2025-10-31 00:00:00,DOGE,0.19235527078076486,0.18631750308415213,0.18244476664446913,0.18266494236534228,0.18266494236534228,2891292517.566665,2891292517.566665,27655387152.44982
2025-11-01 00:00:00,DOGE,0.18266494236534228,0.18839878991837883,0.18465572071602906,0.18645789100238466,0.18645789100238466,1466701649.803549,1466701649.803549,28270346086.30853
2025-11-02 00:00:00,DOGE,0.18645789100238466,0.1891413283932622,0.18426292280042095,0.18727035305980386,0.18727035305980386,789950913.1850047,789950913.1850047,28385376679.87382
2025-11-03 00:00:00,DOGE,0.18727035305980386,0.18907012186029695,0.183749565065894,0.18638051983144605,0.18638051983144605,900673677.7260317,900673677.7260317,28218955647.02002
2025-11-04 00:00:00,DOGE,0.18638051983144605,0.16731167500812152,0.1664743896196051,0.167088259411484,0.167088259411484,3426878777.3470144,3426878777.3470144,25336884829.70697
2025-11-05 00:00:00,DOGE,0.167088259411484,0.16299980650477827,0.160925202055736,0.16288015004301348,0.16288015004301348,4512763314.77479,4512763314.77479,24676012349.410652
2025-11-06 00:00:00,DOGE,0.16288015004301348,0.17023085595241005,0.16587540087855998,0.16736363848179914,0.16736363848179914,2113003898.9125488,2113003898.9125488,25421797393.49717
2025-11-07 00:00:00,DOGE,0.16736363848179914,0.16262763025650637,0.1590874403727963,0.1611765350860604,0.1611765350860604,1761191836.4377356,1761191836.4377356,24434456868.769108
2025-11-08 00:00:00,DOGE,0.1611765350860604,0.18224837512385578,0.17628961507920418,0.1789825325849445,0.1789825325849445,2851625365.5900655,2851625365.5900655,27158752621.111706
2025-11-09 00:00:00,DOGE,0.1789825325849445,0.17714945013828948,0.17514845580630553,0.17626014280423438,0.17626014280423438,2106413764.2230885,2106413764.2230885,26740900247.53942
2025-11-10 00:00:00,DOGE,0.17626014280423438,0.18052746274189832,0.17655711888826897,0.17908925000194684,0.17908925000194684,1521006933.2410104,1521006933.2410104,27159758818.996647
2025-11-11 00:00:00,DOGE,0.17908925000194684,0.18299385358645756,0.1808778851557743,0.18201794457446172,0.18201794457446172,2095025563.8574345,2095025563.8574345,27601153911.05326
2025-11-12 00:00:00,DOGE,0.18201794457446172,0.17534721976046785,0.17152345784569273,0.17195486145155725,0.17195486145155725,1988978371.391877,1988978371.391877,26107321339.172913
2025-11-13 00:00:00,DOGE,0.17195486145155725,0.17187295340907072,0.1675729160767617,0.16994324383769366,0.16994324383769366,1713240661.560612,1713240661.560612,25773145509.49191
2025-11-14 00:00:00,DOGE,0.16994324383769366,0.16673841507472809,0.16142862492656318,0.16419843945294735,0.16419843945294735,2562744822.687431,2562744822.687431,24989238193.576595
2025-11-15 00:00:00,DOGE,0.16419843945294735,0.16093688861549324,0.157870459919247,0.15788017890783018,0.15788017890783018,2934556865.1146245,2934556865.1146245,24008527946.64763
2025-11-16 00:00:00,DOGE,0.15788017890783018,0.1664231426603616,0.16257328077471964,0.16317232050926925,0.16317232050926925,1223449546.6316926,1223449546.6316926,24765800250.47409
2025-11-17 00:00:00,DOGE,0.16317232050926925,0.1617571740425183,0.157623103650498,0.158885342685653,0.158885342685653,1692258688.5815175,1692258688.5815175,24118731180.68003
2025-11-18 00:00:00,DOGE,0.158885342685653,0.1539780651609055,0.15152933593435494,0.1517259112655674,0.1517259112655674,2717616379.7304535,2717616379.7304535,23031169353.10367
2025-11-19 00:00:00,DOGE,0.1517259112655674,0.16263497778364838,0.16072423087027546,0.16157155927313305,0.16157155927313305,2393557029.342254,2393557029.342254,24521371650.922966
2025-11-20 00:00:00,DOGE,0.16157155927313305,0.15655505964766853,0.15408850932951595,0.15417594591610392,0.15417594591610392,2189972407.907937,2189972407.907937,23389140168.370922
2025-11-21 00:00:00,DOGE,0.15417594591610392,0.14963956311617393,0.1487106419651763,0.14936991802723154,0.14936991802723154,2468814238.2201114,2468814238.2201114,22733496999.72067
2025-11-22 00:00:00,DOGE,0.14936991802723154,0.14087597823129455,0.13847881048123073,0.14013650514225232,0.14013650514225232,3589044220.798609,3589044220.798609,21288544527.96837
2025-11-23 00:00:00,DOGE,0.14013650514225232,0.1415590990084422,0.1376603760266347,0.14033744565020795,0.14033744565020795,1492192275.7281125,1492192275.7281125,21314789548.66435
2025-11-24 00:00:00,DOGE,0.14033744565020795,0.14539936217257177,0.14246919423786122,0.14503697936177498,0.14503697936177498,1306921819.1593063,1306921819.1593063,22053236403.160934
2025-11-25 00:00:00,DOGE,0.14503697936177498,0.1541027962499641,0.14931206035057776,0.15186545225017462,0.15186545225017462,1856045680.0088677,1856045680.0088677,23089427379.15303
2025-11-26 00:00:00,DOGE,0.15186545225017462,0.15428187327211856,0.1504199647068911,0.153133415915494,0.153133415915494,1547034401.0443873,1547034401.0443873,23270745093.40436
2025-11-27 00:00:00,DOGE,0.153133415915494,0.1551582389172555,0.15171840285376173,0.15477076595978345,0.15477076595978345,1513151991.0229554,1513151991.0229554,23508484016.77175
2025-11-28 00:00:00,DOGE,0.15477076595978345,0.15492977591593593,0.1508617155289631,0.15276775634393502,0.15276775634393502,920734455.2144679,920734455.2144679,23203200520.3155
2025-11-29 00:00:00,DOGE,0.15276775634393502,0.15166239651000596,0.14882094278228994,0.15031711838482992,0.15031711838482992,1272576836.807874,1272576836.807874,22842767964.213512
2025-11-30 00:00:00,DOGE,0.15031711838482992,0.15001309179351213,0.14708750487413857,0.14857021850589083,0.14857021850589083,653723151.0664574,653723151.0664574,22577795232.48095
2025-12-01 00:00:00,DOGE,0.14857021850589083,0.1470455996867449,0.1459049116527356,0.1466972817557756,0.1466972817557756,721432628.5486178,721432628.5486178,22324219999.010845
2025-12-02 00:00:00,DOGE,0.1466972817557756,0.13717994112328527,0.13541385552774715,0.13577829077263187,0.13577829077263187,1969111942.4169123,1969111942.4169123,20658116371.75227
2025-12-03 00:00:00,DOGE,0.13577829077263187,0.14816723124893522,0.1447108029251526,0.14610777122799323,0.14610777122799323,1467716733.3996437,1467716733.3996437,22209073249.121815
2025-12-04 00:00:00,DOGE,0.14610777122799323,0.1530091930370454,0.150514009998182,0.1519490079014202,0.1519490079014202,1463453403.0980887,1463453403.0980887,23100432979.459904
2025-12-05 00:00:00,DOGE,0.1519490079014202,0.14909390418662624,0.1447372687334908,0.14750673884052382,0.14750673884052382,1199996534.8057668,1199996534.8057668,22428151481.101757
2025-12-06 00:00:00,DOGE,0.14750673884052382,0.14143513767633617,0.13906624262431477,0.1395574899025586,0.1395574899025586,1214940408.8488455,1214940408.8488455,22548272065.293034
2025-12-07 00:00:00,DOGE,0.1395574899025586,0.14033807922558128,0.1391641528386631,0.13961195908450463,0.13961195908450463,665841222.598522,665841222.598522,22555438196.971268
2025-12-08 00:00:00,DOGE,0.13961195908450463,0.13955514803336336,0.13784122398715623,0.13819070715307746,0.13819070715307746,1063844819.6406808,1063844819.6406808,22338189280.324684
2025-12-09 00:00:00,DOGE,0.13819070715307746,0.14400177462654387,0.13999536328177584,0.14257837526799885,0.14257837526799885,1129204428.9511545,1129204428.9511545,23037183522.375736
2025-12-10 00:00:00,DOGE,0.14257837526799885,0.14835173055597525,0.14786926359782762,0.14814206543382394,0.14814206543382394,1718540912.263944,1718540912.263944,22553650958.07186
2025-12-11 00:00:00,DOGE,0.14814206543382394,0.14506418832926343,0.1423434007259418,0.1435711895887641,0.1435711895887641,1447500678.612225,1447500678.612225,21868056509.76656
2025-12-12 00:00:00,DOGE,0.1435711895887641,0.1432448892197373,0.13965191495363546,0.1404521990424531,0.1404521990424531,1496443910.4202259,1496443910.4202259,21382924712.712284
2025-12-13 00:00:00,DOGE,0.1404521990424531,0.13926886329140561,0.13567100961147108,0.1369938792828775,0.1369938792828775,1073821005.3000586,1073821005.3000586,20854289796.007717
2025-12-14 00:00:00,DOGE,0.1369938792828775,0.1395904311179977,0.13693183616472918,0.1391364520130514,0.1391364520130514,507076566.20012134,507076566.20012134,23358085957.923992
2025-12-15 00:00:00,DOGE,0.1391364520130514,0.13525219208071834,0.13165618563236958,0.1342511327270273,0.1342511327270273,832606252.9814545,832606252.9814545,22519273408.36393
2025-12-16 00:00:00,DOGE,0.1342511327270273,0.13120514811509412,0.12738646819986427,0.1296670313047204,0.1296670313047204,1316670944.9694571,1316670944.9694571,21762468674.75188
2025-12-17 00:00:00,DOGE,0.1296670313047204,0.1321735483124957,0.13160827040346726,0.13163341300230058,0.13163341300230058,1055650226.5846183,1055650226.5846183,20021103530.783386
2025-12-18 00:00:00,DOGE,0.13163341300230058,0.12696181047148844,0.12477993093504651,0.12617529888873202,0.12617529888873202,1340216870.5505364,1340216870.5505364,19202480281.543976
2025-12-19 00:00:00,DOGE,0.12617529888873202,0.12410486502504992,0.1199143558166439,0.12198946840416328,0.12198946840416328,1757030418.0158772,1757030418.0158772,18560752110.516983
2025-12-20 00:00:00,DOGE,0.12198946840416328,0.1332309006862021,0.13138053657710036,0.13223152145074435,0.13223152145074435,1468906026.8405657,1468906026.8405657,22220787800.77784
2025-12-21 00:00:00,DOGE,0.13223152145074435,0.13417377988054088,0.1314938970367303,0.13196089899121477,0.13196089899121477,517883479.213873,517883479.213873,22164022300.85405
2025-12-22 00:00:00,DOGE,0.13196089899121477,0.13188795779369594,0.12880226564038005,0.13107332764314425,0.13107332764314425,637658360.8216943,637658360.8216943,22020292354.991695
2025-12-23 00:00:00,DOGE,0.13107332764314425,0.1329167090903093,0.13214956257195196,0.1324352250363626,0.1324352250363626,1076904263.4595106,1076904263.4595106,22243949792.367107
2025-12-24 00:00:00,DOGE,0.1324352250363626,0.12929550682810564,0.12885276753189204,0.12928287561180404,0.12928287561180404,936274179.5466805,936274179.5466805,21721580397.54718
2025-12-25 00:00:00,DOGE,0.12928287561180404,0.13060564237829375,0.1264374896243597,0.12854637499400673,0.12854637499400673,606433366.9428862,606433366.9428862,21597836573.729675
2025-12-26 00:00:00,DOGE,0.12854637499400673,0.12583394870892467,0.12266850298461764,0.1234735692376755,0.1234735692376755,719527790.079642,719527790.079642,18808927675.24632
2025-12-27 00:00:00,DOGE,0.1234735692376755,0.12340925555231762,0.1209803277193202,0.12199701828520598,0.12199701828520598,1092602992.6854556,1092602992.6854556,18578288456.70482
2025-12-28 00:00:00,DOGE,0.12199701828520598,0.12607952133580358,0.12257311075693897,0.12427372973988156,0.12427372973988156,497107048.1218145,497107048.1218145,20885288408.507973
2025-12-29 00:00:00,DOGE,0.12427372973988156,0.12577406668075822,0.12355408264088466,0.12385595413327449,0.12385595413327449,473196468.44849706,473196468.44849706,20814514139.879044
2025-12-30 00:00:00,DOGE,0.12385595413327449,0.12422458420817745,0.12166905675426515,0.12271386178229453,0.12271386178229453,1061416930.683591,1061416930.683591,20626508050.22613
2025-12-31 00:00:00,DOGE,0.12271386178229453,0.12408545271941403,0.12287934892278295,0.1232611486337809,0.1232611486337809,906778692.2955539,906778692.2955539,20710065590.206562
2026-01-01 00:00:00,DOGE,0.1232611486337809,0.11804444797296582,0.11655567124571861,0.11728672656235732,0.11728672656235732,1007820054.8179834,1007820054.8179834,19713328746.151676
2026-01-02 00:00:00,DOGE,0.11728672656235732,0.12863837752359078,0.1259000359315575,0.1266112971022498,0.1266112971022498,1300858443.793732,1300858443.793732,21279039392.246357
2026-01-03 00:00:00,DOGE,0.1266112971022498,0.14286972155385477,0.1408763761343328,0.14153587561690467,0.14153587561690467,3157651397.334022,3157651397.334022,23814630743.355232
2026-01-04 00:00:00,DOGE,0.14153587561690467,0.1443460538590686,0.14189407962373551,0.14302827593489156,0.14302827593489156,1551881204.1109443,1551881204.1109443,24070556817.148827
2026-01-05 00:00:00,DOGE,0.14302827593489156,0.15177449272930904,0.1474290251523535,0.14924315542751718,0.14924315542751718,2334478146.095094,2334478146.095094,25084489227.153645
2026-01-06 00:00:00,DOGE,0.14924315542751718,0.1520661248980186,0.15126132683979934,0.1519393256021509,0.1519393256021509,2070348594.2398338,2070348594.2398338,25583937359.507473
2026-01-07 00:00:00,DOGE,0.1519393256021509,0.15266682082323205,0.14868756356122964,0.15067949515748766,0.15067949515748766,2198136226.9361835,2198136226.9361835,25343866351.58175
2026-01-08 00:00:00,DOGE,0.15067949515748766,0.14869987363534795,0.14416646015519227,0.14618070296026994,0.14618070296026994,1434882082.205344,1434882082.205344,24587528575.049706
2026-01-09 00:00:00,DOGE,0.14618070296026994,0.14475844855814984,0.14011414676673858,0.14198298288524971,0.14198298288524971,1588958622.0678587,1588958622.0678587,23886896871.98139
2026-01-10 00:00:00,DOGE,0.14198298288524971,0.1421585727610984,0.13883601223699188,0.14049286062279476,0.14049286062279476,1221485941.0304425,1221485941.0304425,23635071775.130913
2026-01-11 00:00:00,DOGE,0.14049286062279476,0.14192914814143498,0.136946954912692,0.13956550382681582,0.13956550382681582,443153260.9392499,443153260.9392499,21290566236.93448
2026-01-12 00:00:00,DOGE,0.13956550382681582,0.13785105682878668,0.13556561193323852,0.13762170063565354,0.13762170063565354,769733483.6176198,769733483.6176198,23154078291.64577
2026-01-13 00:00:00,DOGE,0.13762170063565354,0.13724341016649289,0.13630025745017035,0.13657612595384463,0.13657612595384463,1282979688.4430864,1282979688.4430864,22987264609.37311
2026-01-14 00:00:00,DOGE,0.13657612595384463,0.1484528136952842,0.14486552999726449,0.14775768523242752,0.14775768523242752,1795687445.1508782,1795687445.1508782,24868119644.37002
2026-01-15 00:00:00,DOGE,0.14775768523242752,0.14736287547585325,0.1465537383727297,0.14717593171884386,0.14717593171884386,1715558937.285555,1715558937.285555,24771743560.60274
2026-01-16 00:00:00,DOGE,0.14717593171884386,0.14047994615732107,0.13742877394444464,0.13999017295875318,0.13999017295875318,1477102786.953857,1477102786.953857,23558918163.280094
2026-01-17 00:00:00,DOGE,0.13999017295875318,0.13981859035902314,0.13531853970290528,0.13803590837513685,0.13803590837513685,1331984168.8187118,1331984168.8187118,23230196980.60805
2026-01-18 00:00:00,DOGE,0.13803590837513685,0.13810134714058764,0.13668000376245992,0.1377750977423629,0.1377750977423629,579609198.7088249,579609198.7088249,23187082271.991787
2026-01-19 00:00:00,DOGE,0.1377750977423629,0.13268796654393009,0.13050340009706668,0.13205020983220853,0.13205020983220853,769812737.7247313,769812737.7247313,22278398329.936348
2026-01-20 00:00:00,DOGE,0.13205020983220853,0.13138476134235144,0.126922310570494,0.12913260545675517,0.12913260545675517,1895947016.68821,1895947016.68821,21762952560.80257
2026-01-21 00:00:00,DOGE,0.12913260545675517,0.1246118852842334,0.12307018699863964,0.1232505409033576,0.1232505409033576,1210321126.2257624,1210321126.2257624,20752897839.496906
2026-01-22 00:00:00,DOGE,0.1232505409033576,0.1284237447128427,0.12408680774335291,0.12644451176398563,0.12644451176398563,1518701620.2713366,1518701620.2713366,21298322630.011242
2026-01-23 00:00:00,DOGE,0.12644451176398563,0.12580256515387195,0.12188599335095344,0.12415563067569813,0.12415563067569813,767476355.9029032,767476355.9029032,20900438856.328594
2026-01-24 00:00:00,DOGE,0.12415563067569813,0.12699984804453,0.12452732543335081,0.12459272073883498,0.12459272073883498,834701811.5708479,834701811.5708479,20974090789.369133
2026-01-25 00:00:00,DOGE,0.12459272073883498,0.124146483907029,0.1237631400182226,0.12407396440823537,0.12407396440823537,345124746.0165281,345124746.0165281,20890295389.845135
2026-01-26 00:00:00,DOGE,0.12407396440823537,0.1207787346258673,0.11881838538095077,0.11928718890285936,0.11928718890285936,974724398.8980706,974724398.8980706,20087179616.17877
2026-01-27 00:00:00,DOGE,0.11928718890285936,0.1241813707578688,0.1201483283747837,0.12234335135625338,0.12234335135625338,1075145356.1210701,1075145356.1210701,20600811193.22603
2026-01-28 00:00:00,DOGE,0.12234335135625338,0.12727510615861132,0.12374901671445736,0.126058502608312,0.126058502608312,1049583014.561851,1049583014.561851,21243999709.884617
2026-01-29 00:00:00,DOGE,0.126058502608312,0.1250353890485666,0.12301301698102104,0.12488805275945465,0.12488805275945465,1000570363.163675,1000570363.163675,21046248365.892105
2026-01-30 00:00:00,DOGE,0.12488805275945465,0.11880131531013939,0.11625589655732767,0.11710772670706057,0.11710772670706057,1741317203.3263252,1741317203.3263252,19735342275.599613
2026-01-31 00:00:00,DOGE,0.11710772670706057,0.11585431570731933,0.11472548414269286,0.11570615704260108,0.11570615704260108,1669905331.352712,1669905331.352712,19502011492.368946
2026-02-01 00:00:00,DOGE,0.11570615704260108,0.10498174451935069,0.10218599837657225,0.10391816890451142,0.10391816890451142,2749642215.501718,2749642215.501718,17501719548.82245
2026-02-02 00:00:00,DOGE,0.10391816890451142,0.10474515317488901,0.10250479594503914,0.10446571067651927,0.10446571067651927,1575804137.1201124,1575804137.1201124,17607238710.016655
2026-02-03 00:00:00,DOGE,0.10446571067651927,0.1080681390002937,0.10698602851834743,0.10791475617863952,0.10791475617863952,2071984392.3646946,2071984392.3646946,18204555166.48805
2026-02-04 00:00:00,DOGE,0.10791475617863952,0.1061032576268193,0.10379418780756133,0.10558766312015572,0.10558766312015572,2014318853.1480677,2014318853.1480677,17807358031.1625
2026-02-05 00:00:00,DOGE,0.10558766312015572,0.10582250556934471,0.10288530172618508,0.10407129714856796,0.10407129714856796,1708915274.9465678,1708915274.9465678,17544251905.78636
2026-02-06 00:00:00,DOGE,0.10407129714856796,0.08980564195196045,0.08677146802559418,0.08853350658392219,0.08853350658392219,3404168488.660444,3404168488.660444,14986221767.709341
2026-02-06 22:45:13,DOGE,0.08853350658392219,0.09929835779534242,0.09805345052236,0.09929036071629432,0.09929036071629432,3325499252.2654147,3325499252.2654147,16742283643.2234
